path,hops,prop_factor
AP>SI,1,0.61
DM>AP,1,0.61
DP>DM,1,0.74
P>DP,1,0.27
P>S,1,0.48
S>DP,1,0.56
DM>AP>SI,2,0.3721
DP>DM>AP,2,0.45139999999999997
P>DP>DM,2,0.1998
P>S>DP,2,0.26880000000000004
S>DP>DM,2,0.41440000000000005
DP>DM>AP>SI,3,0.275354
P>DP>DM>AP,3,0.121878
P>S>DP>DM,3,0.19891200000000003
S>DP>DM>AP,3,0.252784
P>DP>DM>AP>SI,4,0.07434558
P>S>DP>DM>AP,4,0.12133632000000001
S>DP>DM>AP>SI,4,0.15419824000000001
